;file;text
0;5944538380_1586662628837201.jpg;SE Le CA HARINE Vous souhaitez vivre une nouvelle aventure et travailler dans un environnement hors du commun En savoir plus Annonce proposée par   indeed AUx Lever BORÉALES , AURORES Mas DUR , C'EST CoUP VAUT
1;5944538380_949445323377074.jpg;Iop EUROPC ENPLOYER Fiers dêtre certifiés Top Employer 2024 En savoir plus Annonce proposée par indeed
2;5944538380_438218732111673.jpg;Petits fils Validez vos compétences d'auxiliaire de vie avec Petits-fils et la Croix-Rouge En savoir plus Annonce proposée par   indeed
3;5944538380_318964291165411.jpg;FAITES UN MÉTIER QUI COMPTE. Flodeir utedansovs 1ooinaciorents Mettez vos talents au service des TPE, PME Contribuez au rayonnement de l'économie française. En savoir plus Annonce proposée par indeed
4;5944538380_761791219216140.jpg;"FONCIA plus de 3000 recrutements par an, chez Foncia; chacun.ea sa place En savoir plus Annonce proposée par   indeed Avec"
5;5944538380_398839639526051.jpg;ARMonIA CESG aux côtés dArmonia recrute pour le plus grand évènement sportif del'année 2024 à Paris ! En savoir plus Annonce proposée par   indeed
6;430112253742310_383891744444308.jpg;"Comment demander une augmentation ? Identifie et évalue ta contribution en tant Comprendre qu'employé. Quelest ton apport à l'entreprise Justifie ton augmentation en mettant en avant ta valeur ajoutée; et retiens que les Se préparer négociations salariales varient de 2% à 10% en moyenne selon le poste. Choisis le moment opportun; sollicite Agir un entretien; et exprime-toi avec assurance et calme lors de l'entretien"
7;5944538380_267696826383108.jpg;Envie de booster votre carrière Dovenez Indopendantlel ct partenaire Predictis Delolonez le reseau Predictis. Predictis Predictis, l'opportunité de changer de vie En savoir plus Annonce proposée par   indeed
8;5944538380_731400878983598.jpg;Envie de booster votre carrière Dovenez Indopendantlel ct partenaire Predictis Delolonez le reseau Predictis. Predictis Predictis, l'opportunité de changer de vie En savoir plus Annonce proposée par   indeed
9;5944538380_912065423748577.jpg;AXA Vous voulez mettre à profit votre expérience en Souscription IARD ? En savoir plus Annonce proposée par indeed
10;5944538380_7345830882151132.jpg;REGION Gl Alliez métier passion et rythme de vie adapté. Rejoignez l'aventure culinaire Région Sud En savoir plus Annonce proposée par indeed
11;5944538380_831262559047613.jpg;"TALENTS MIVERSITÉ COMPÉTENCES REUSSITE COHESION CPROBTP EQUILBRE 8ème assureur français et présent partout en France; découvrez nos métiers de commerciaux En savoir plus Annonce proposée par   indeed"
12;5944538380_937522704626084.jpg;Iop EUROPC ENPLOYER Fiers dêtre certifiés Top Employer 2024 En savoir plus Annonce proposée par indeed
13;5944538380_1465667200826642.jpg;"TALENTS MIVERSITÉ COMPÉTENCES REUSSITE COHESION CPROBTP EQUILBRE Assurances, Santé, Prévoyance : Intégrez un groupe leader; rejoignez un acteur engagé En savoir plus Annonce proposée par   indeed"
14;5944538380_365943869639307.jpg;"FONCIA plus de 3000 recrutements par an, chez Foncia; chacun.ea sa place En savoir plus Annonce proposée par indeed Avec"
15;5944538380_398543849461576.jpg;FAITES UN MÉTIER QUI COMPTE. Flodeir utedansovs 1ooinaciorents Mettez vos talents au service des TPE, PME Contribuez au rayonnement de l'économie française. En savoir plus Annonce proposée par   indeed
16;5944538380_727290076141991.jpg;"S4SSE Àla Caisse d'Epargne; votre personnalité est notre atout ! En savoir plus Annonce proposée par indeed"
17;5944538380_1843164829439510.jpg;IIBDa MBDa Rejoignez-nous pour préparer ensemble le futur de la défense En savoir plus Annonce proposée par   indeed
18;5944538380_313154141415287.jpg;SE Le CA HARINE Vous souhaitez vivre une nouvelle aventure et travailler dans un environnement hors du commun En savoir plus Annonce proposée par indeed AUx Lever BORÉALES , AURORES Mas DUR , C'EST CoUP VAUT
19;5944538380_1119175005770935.jpg;ARMonIA CESG aux côtés dArmonia recrute pour le plus grand évènement sportif del'année 2024 à Paris ! En savoir plus Annonce proposée par indeed
20;5944538380_304025932371868.jpg;M Rejoindre McDonald's, c'est faire partie d'une équipe qui te permet dete dépasser En savoir plus Annonce proposée par  indeed
21;5944538380_1910092609410082.jpg;AXA Vous voulez mettre à profit votre expérience en Souscription IARD ? En savoir plus Annonce proposée par   indeed
22;5944538380_325393570115778.jpg;REGION Gl Alliez métier passion et rythme de vie adapté. Rejoignez l'aventure culinaire Région Sud En savoir plus Annonce proposée par   indeed
23;5944538380_923730399483773.jpg;IIBDa MBDa Rejoignez-nous pour préparer ensemble le futur de la défense En savoir plus Annonce proposée par   indeed
24;5944538380_288382014105494.jpg;Iop EUROPC ENPLOYER Fiers dêtre certifiés Top Employer 2024 En savoir plus Annonce proposée par indeed
25;5944538380_763414308749903.jpg;"FONCIA plus de 3000 recrutements par an, chez Foncia; chacun.ea sa place En savoir plus Annonce proposée par indeed Avec"
26;5944538380_953711419609186.jpg;ARMonIA CESG aux côtés dArmonia recrute pour le plus grand évènement sportif del'année 2024 à Paris ! En savoir plus Annonce proposée par indeed
27;5944538380_902805968296438.jpg;FAITES UN MÉTIER QUI COMPTE. Flodeir utedansovs 1ooinaciorents Mettez vos talents au service des TPE, PME Contribuez au rayonnement de l'économie française. En savoir plus Annonce proposée par indeed
28;5944538380_1556582978456611.jpg;AXA Vous voulez mettre à profit votre expérience en Souscription IARD ? En savoir plus Annonce proposée par indeed
29;5944538380_1463838844486446.jpg;"VOYEZ GRAND; AGISSEZ LOCALEMENT Saint-GooAIN Contribuez à notre vision : Être le leader mondial dela construction toujours plus durable. En savoir plus Annonce proposée par   indeed"
30;5944538380_1056545352104837.jpg;REGION Gl Alliez métier passion et rythme de vie adapté. Rejoignez l'aventure culinaire Région Sud En savoir plus Annonce proposée par indeed
31;5944538380_1539825979929389.jpg;"ccOsM] Iueuon Cea dyrun OoveinC MENTOR Votre talent, notre ADN : Ensemble; créons la réussite. En savoir plus Annonce proposée par   indeed"
32;5944538380_929763308830161.jpg;SE Le CA HARINE Vous souhaitez vivre une nouvelle aventure et travailler dans un environnement hors du commun En savoir plus Annonce proposée par indeed AUx Lever BORÉALES , AURORES Mas DUR , C'EST CoUP VAUT
33;5944538380_760072772733072.jpg;Petits fils Validez vos compétences d'auxiliaire de vie avec Petits-fils et la Croix-Rouge En savoir plus Annonce proposée par indeed
34;430112253742310_2705689999571623.jpg;fndeed De I'IA aux actualités Diversité et inclusion Des informations exclusives sur le futur du travail Obtenir le livre électronique
35;5944538380_1093100591905997.jpg;"VOYEZ GRAND; AGISSEZ LOCALEMENT Saint-GooAIN Contribuez à notre vision : Être le leader mondial dela construction toujours plus durable. En savoir plus Annonce proposée par   indeed"
36;5944538380_783198620352485.jpg;Envie de booster votre carrière Dovenez Indopendantlel ct partenaire Predictis Delolonez le reseau Predictis. Predictis Predictis, l'opportunité de changer de vie En savoir plus Annonce proposée par   indeed
37;5944538380_6658776097559096.jpg;"TALENTS MIVERSITÉ COMPÉTENCES REUSSITE COHESION CPROBTP EQUILBRE Assurances, Santé, Prévoyance : Intégrez un groupe leader; rejoignez un acteur engagé En savoir plus Annonce proposée par indeed"
38;5944538380_426853859915386.jpg;Iop EUROPC ENPLOYER Fiers dêtre certifiés Top Employer 2024 En savoir plus Annonce proposée par   indeed
39;5944538380_945007729960246.jpg;REGION Gl Alliez métier passion et rythme de vie adapté. Rejoignez l'aventure culinaire Région Sud En savoir plus Annonce proposée par indeed
40;5944538380_1564269467746583.jpg;IIBDa MBDa Rejoignez-nous pour préparer ensemble le futur de la défense En savoir plus Annonce proposée par   indeed
41;5944538380_929661638746089.jpg;IIBDa MBDa Rejoignez-nous pour préparer ensemble le futur de la défense En savoir plus Annonce proposée par indeed
42;5944538380_810113427611374.jpg;"TALENTS MIVERSITÉ COMPÉTENCES REUSSITE COHESION CPROBTP EQUILBRE 8ème assureur français et présent partout en France; découvrez nos métiers de commerciaux En savoir plus Annonce proposée par indeed"
43;5944538380_706026724947153.jpg;"TALENTS MIVERSITÉ COMPÉTENCES REUSSITE COHESION CPROBTP EQUILBRE 8ème assureur français et présent partout en France; découvrez nos métiers de commerciaux En savoir plus Annonce proposée par indeed"
44;5944538380_401886625773280.jpg;"TALENTS MIVERSITÉ COMPÉTENCES REUSSITE COHESION CPROBTP EQUILBRE Assurances, Santé, Prévoyance : Intégrez un groupe leader; rejoignez un acteur engagé En savoir plus Annonce proposée par indeed"
45;5944538380_775347871160357.jpg;"VOYEZ GRAND; AGISSEZ LOCALEMENT Saint-GooAIN Contribuez à notre vision : Être le leader mondial dela construction toujours plus durable. En savoir plus Annonce proposée par  indeed"
46;5944538380_3564721727130730.jpg;Vous avez le sens du contact et le goût du service? En savoir plus Annonce proposée par   indeed
47;5944538380_929412415120022.jpg;"S4SSE Àla Caisse d'Epargne; votre personnalité est notre atout ! En savoir plus Annonce proposée par indeed"
48;5944538380_4289915321237656.jpg;Transformez votre alternance en une opportunité professionnelle En savoir plus Annonce proposée par   indeed
49;5944538380_788902665936951.jpg;"VOYEZ GRAND; AGISSEZ LOCALEMENT Saint-GooAIN Contribuez à notre vision : Être le leader mondial dela construction toujours plus durable. En savoir plus Annonce proposée par  indeed"
50;5944538380_857406376074123.jpg;REGION Gl Alliez métier passion et rythme de vie adapté. Rejoignez l'aventure culinaire Région Sud En savoir plus Annonce proposée par indeed
51;5944538380_2747180128784410.jpg;CHEZ NOUS, NE CHOISISSEZ PAS ENTRE VIE PRO ET VIE PERSO, C'EST VOTRE ÉQUILIBRE QUI COMPTE. Imercialautrement MMAIR Vous avez envie de vous engager et de vous épanouir au sein de nos équipes commerciales ? En savoir plus Annonce proposée par indeed
52;5944538380_7691307620881009.jpg;Petits fils Validez vos compétences d'auxiliaire de vie avec Petits-fils et la Croix-Rouge En savoir plus Annonce proposée par   indeed
53;5944538380_821498223152036.jpg;Iop EUROPC ENPLOYER Fiers dêtre certifiés Top Employer 2024 En savoir plus Annonce proposée par indeed
54;5944538380_1625219248295023.jpg;"FONCIA plus de 3000 recrutements par an, chez Foncia; chacun.ea sa place En savoir plus Annonce proposée par indeed Avec"
55;5944538380_422290736935034.jpg;CHEZ NOUS, NE CHOISISSEZ PAS ENTRE VIE PRO ET VIE PERSO, C'EST VOTRE ÉQUILIBRE QUI COMPTE. Imercialautrement MMAIR Vous avez envie de vous engager et de vous épanouir au sein de nos équipes commerciales ? En savoir plus Annonce proposée par indeed
56;5944538380_962405195398891.jpg;Envie de booster votre carrière Dovenez Indopendantlel ct partenaire Predictis Deloionez le reseau Predictis. Predictis Predictis, l'opportunité de changer de vie En savoir plus Annonce proposée par indeed
57;5944538380_790979993080984.jpg;"FONCIA plus de 3000 recrutements par an, chez Foncia; chacun.ea sa place En savoir plus Annonce proposée par   indeed Avec"
58;5944538380_418740187366149.jpg;IIBDa MBDa Rejoignez-nous pour préparer ensemble le futur de la défense En savoir plus Annonce proposée par   indeed
59;5944538380_1668962856974670.jpg;"TALENTS MIVERSITÉ COMPÉTENCES REUSSITE COHESION CPROBTP EQUILBRE Assurances, Santé, Prévoyance : Intégrez un groupe leader; rejoignez un acteur engagé En savoir plus Annonce proposée par indeed"
60;5944538380_331392886575484.jpg;"TALENTS MIVERSITÉ COMPÉTENCES REUSSITE COHESION CPROBTP EQUILBRE 8ème assureur français et présent partout en France; découvrez nos métiers de commerciaux En savoir plus Annonce proposée par indeed"
61;5944538380_860877309131386.jpg;REGION Gl Alliez métier passion et rythme de vie adapté. Rejoignez l'aventure culinaire Région Sud En savoir plus Annonce proposée par   indeed
62;5944538380_432213402579172.jpg;ARMonIA CESG aux côtés dArmonia recrute pour le plus grand évènement sportif del'année 2024 à Paris ! En savoir plus Annonce proposée par indeed
63;5944538380_1137300410528522.jpg;K KOlouToU (Attention spoiler) SI VOUS CROISEZ UN ALIEN (à gauche sur la photo) CEN'EST PAS UN VRAI En savoir plus Annonce proposée par indeed
64;5944538380_428550849760519.jpg;SE Le CA HARINE Vous souhaitez vivre une nouvelle aventure et travailler dans un environnement hors du commun En savoir plus Annonce proposée par   indeed AUx Lever BORÉALES , AURORES Mas DUR , C'EST CoUP VAUT
65;5944538380_763572382391554.jpg;Transformez votre alternance en une opportunité professionnelle En savoir plus Annonce proposée par indeed
66;5944538380_1462624550989155.jpg;M Rejoindre McDonald's, c'est faire partie d'une équipe qui te permet dete dépasser En savoir plus Annonce proposée par  indeed
67;5944538380_301939646240966.jpg;IIBDa MBDa Rejoignez-nous pour préparer ensemble le futur de la défense En savoir plus Annonce proposée par   indeed
68;5944538380_950056283386568.jpg;Transformez votre alternance en une opportunité professionnelle En savoir plus Annonce proposée par   indeed
69;5944538380_1114850673064273.jpg;SE Le CA HARINE Vous souhaitez vivre une nouvelle aventure et travailler dans un environnement hors du commun En savoir plus Annonce proposée par   indeed AUx Lever BORÉALES , AURORES Mas DUR , C'EST CoUP VAUT
70;5944538380_443821971404872.jpg;SE Le CA HARINE Vous souhaitez vivre une nouvelle aventure et travailler dans un environnement hors du commun En savoir plus Annonce proposée par   indeed AUx Lever BORÉALES , AURORES Mas DUR , C'EST CoUP VAUT
71;5944538380_1146172392987670.jpg;"ccOsM] Iueuon Cea dyrun OoveinC MENTOR Votre talent, notre ADN : Ensemble; créons la réussite. En savoir plus Annonce proposée par indeed"
72;5944538380_943443303705024.jpg;ARMonIA CESG aux côtés dArmonia recrute pour le plus grand évènement sportif del'année 2024 à Paris ! En savoir plus Annonce proposée par indeed
73;5944538380_401912062634462.jpg;Envie de booster votre carrière Dovenez Indopendantlel ct partenaire Predictis Deloionez le reseau Predictis. Predictis Predictis, l'opportunité de changer de vie En savoir plus Annonce proposée par indeed
74;5944538380_2349070401955988.jpg;AXA Vous voulez mettre à profit votre expérience en Souscription IARD ? En savoir plus Annonce proposée par indeed
75;5944538380_773062224743999.jpg;Envie de booster votre carrière Dovenez Indopendantlel ct partenaire Predictis Deloionez le reseau Predictis. Predictis Predictis, l'opportunité de changer de vie En savoir plus Annonce proposée par indeed
76;5944538380_949514443297926.jpg;"VOYEZ GRAND; AGISSEZ LOCALEMENT Saint-GooAIN Contribuez à notre vision : Être le leader mondial dela construction toujours plus durable. En savoir plus Annonce proposée par   indeed"
77;5944538380_819412390007645.jpg;SE Le CA HARINE Vous souhaitez vivre une nouvelle aventure et travailler dans un environnement hors du commun En savoir plus Annonce proposée par indeed AUx Lever BORÉALES , AURORES Mas DUR , C'EST CoUP VAUT
78;5944538380_789884899655780.jpg;Vous avez le sens du contact et le goût du service? En savoir plus Annonce proposée par indeed
79;5944538380_399842669322083.jpg;Iop EUROPC ENPLOYER Fiers dêtre certifiés Top Employer 2024 En savoir plus Annonce proposée par indeed
80;5944538380_424581550249231.jpg;AXA Vous voulez mettre à profit votre expérience en Souscription IARD ? En savoir plus Annonce proposée par   indeed
81;5944538380_783543133688681.jpg;IIBDa MBDa Rejoignez-nous pour préparer ensemble le futur de la défense En savoir plus Annonce proposée par   indeed
82;5944538380_379072438338836.jpg;REGION Gl Alliez métier passion et rythme de vie adapté. Rejoignez l'aventure culinaire Région Sud En savoir plus Annonce proposée par   indeed
83;5944538380_420417107216308.jpg;FAITES UN MÉTIER QUI COMPTE. Flodeir utedansovs 1ooinaciorents Mettez vos talents au service des TPE, PME Contribuez au rayonnement de l'économie française. En savoir plus Annonce proposée par indeed
84;5944538380_1604530589950970.jpg;"TALENTS MIVERSITÉ COMPÉTENCES REUSSITE COHESION CPROBTP EQUILBRE 8ème assureur français et présent partout en France; découvrez nos métiers de commerciaux En savoir plus Annonce proposée par indeed"
85;5944538380_7844467232232660.jpg;"FONCIA plus de 3000 recrutements par an, chez Foncia; chacun.ea sa place En savoir plus Annonce proposée par   indeed Avec"
86;5944538380_370861962530078.jpg;IIBDa MBDa Rejoignez-nous pour préparer ensemble le futur de la défense En savoir plus Annonce proposée par   indeed
87;5944538380_3663534047194604.jpg;IIBDa MBDa Rejoignez-nous pour préparer ensemble le futur de la défense En savoir plus Annonce proposée par   indeed
88;5944538380_387988760645013.jpg;Transformez votre alternance en une opportunité professionnelle En savoir plus Annonce proposée par indeed
89;5944538380_778899497024207.jpg;CHEZ NOUS, NE CHOISISSEZ PAS ENTRE VIE PRO ET VIE PERSO, C'EST VOTRE ÉQUILIBRE QUI COMPTE. Imercialautrement MMAIR Vous avez envie de vous engager et de vous épanouir au sein de nos équipes commerciales ? En savoir plus Annonce proposée par indeed
90;5944538380_254545617705199.jpg;K KOlouToU (Attention spoiler) SI VOUS CROISEZ UN ALIEN (à gauche sur la photo) CEN'EST PAS UN VRAI En savoir plus Annonce proposée par indeed
91;5944538380_951469729670744.jpg;Petits fils Validez vos compétences d'auxiliaire de vie avec Petits-fils et la Croix-Rouge En savoir plus Annonce proposée par indeed
92;430112253742310_686799680299720.jpg;Simplifiez votre recrutement en éliminant les tâches manuelles En savoir plus fndeed
93;5944538380_2392436227813060.jpg;"VOYEZ GRAND; AGISSEZ LOCALEMENT Saint-GooAIN Contribuez à notre vision : Être le leader mondial dela construction toujours plus durable. En savoir plus Annonce proposée par  indeed"
94;5944538380_1450654155882700.jpg;"FONCIA plus de 3000 recrutements par an, chez Foncia; chacun.ea sa place En savoir plus Annonce proposée par indeed Avec"
95;5944538380_3893151880906622.jpg;"TALENTS MIVERSITÉ COMPÉTENCES REUSSITE COHESION CPROBTP EQUILBRE 8ème assureur français et présent partout en France; découvrez nos métiers de commerciaux En savoir plus Annonce proposée par   indeed"
96;5944538380_436529632207349.jpg;M Rejoindre McDonald's, c'est faire partie d'une équipe qui te permet dete dépasser En savoir plus Annonce proposée par   indeed
97;5944538380_411053131418592.jpg;Transformez votre alternance en une opportunité professionnelle En savoir plus Annonce proposée par indeed
98;5944538380_754538153324284.jpg;"PoPûN8Y #X Àla Banque Populaire; on ne recrute pas que des banquiers ! En savoir plus Annonce proposée par indeed"
99;5944538380_308920822190550.jpg;AXA Vous voulez mettre à profit votre expérience en Souscription IARD ? En savoir plus Annonce proposée par indeed
100;5944538380_931599471825208.jpg;M Rejoindre McDonald's, c'est faire partie d'une équipe qui te permet dete dépasser En savoir plus Annonce proposée par  indeed
101;430112253742310_1547734442676486.jpg;4 conseils pour écrire un email de travail efficace : L'importance de la ponctuation : une bonne ponctuation dans les emails est essentielle car elle permet de clarifier ta communication. Évite les émojis Tu peux utiliser les émojis pour les emails perso tes amis ou ta famille mais vaut mieux l'eviter dans les emails pros Le style de police Utilise une police simple et facile à lire N'abuse pas des majuscules, du gras et de Fitalique car il peut rendre ton email lourd Évite une écriture robotique Ajoute une touche personnelle tes emails Un exemple de politesse est Prespere que vous vous portez bien lire
102;5944538380_1159404738562109.jpg;FAITES UN MÉTIER QUI COMPTE. Flodeir utedansovs 1ooinaciorents Mettez vos talents au service des TPE, PME Contribuez au rayonnement de l'économie française. En savoir plus Annonce proposée par indeed
103;5944538380_1393392764877658.jpg;SE Le CA HARINE Vous souhaitez vivre une nouvelle aventure et travailler dans un environnement hors du commun En savoir plus Annonce proposée par   indeed AUx Lever BORÉALES , AURORES Mas DUR , C'EST CoUP VAUT
104;5944538380_441761361707947.jpg;SE Le CA HARINE Vous souhaitez vivre une nouvelle aventure et travailler dans un environnement hors du commun En savoir plus Annonce proposée par   indeed AUx Lever BORÉALES , AURORES Mas DUR , C'EST CoUP VAUT
105;430112253742310_1094771608441549.jpg;Le processus. '0/7//
106;5944538380_932191578911382.jpg;REGION Gl Alliez métier passion et rythme de vie adapté. Rejoignez l'aventure culinaire Région Sud En savoir plus Annonce proposée par indeed
107;5944538380_1768305250347292.jpg;"FONCIA plus de 3000 recrutements par an, chez Foncia; chacun.ea sa place En savoir plus Annonce proposée par indeed Avec"
108;5944538380_1066033188013389.jpg;Petits fils Validez vos compétences d'auxiliaire de vie avec Petits-fils et la Croix-Rouge En savoir plus Annonce proposée par indeed
109;5944538380_327971750253347.jpg;REGION Gl Alliez métier passion et rythme de vie adapté. Rejoignez l'aventure culinaire Région Sud En savoir plus Annonce proposée par   indeed
110;5944538380_972429030980519.jpg;"VOYEZ GRAND; AGISSEZ LOCALEMENT Saint-GooAIN Contribuez à notre vision : Être le leader mondial dela construction toujours plus durable. En savoir plus Annonce proposée par   indeed"
111;5944538380_3234743876831600.jpg;Iop EUROPC ENPLOYER Fiers dêtre certifiés Top Employer 2024 En savoir plus Annonce proposée par   indeed
112;5944538380_420804863851241.jpg;K KOlouToU (Attention spoiler) SI VOUS CROISEZ UN ALIEN (à gauche sur la photo) CEN'EST PAS UN VRAI En savoir plus Annonce proposée par indeed
113;5944538380_771021534613642.jpg;"FONCIA plus de 3000 recrutements par an, chez Foncia; chacun.ea sa place En savoir plus Annonce proposée par   indeed Avec"
114;5944538380_308292691926057.jpg;Iop EUROPC ENPLOYER Fiers dêtre certifiés Top Employer 2024 En savoir plus Annonce proposée par   indeed
115;5944538380_377000828521830.jpg;M Rejoindre McDonald's, c'est faire partie d'une équipe qui te permet dete dépasser En savoir plus Annonce proposée par  indeed
116;5944538380_1532551397292745.jpg;SE Le CA HARINE Vous souhaitez vivre une nouvelle aventure et travailler dans un environnement hors du commun En savoir plus Annonce proposée par   indeed AUx Lever BORÉALES , AURORES Mas DUR , C'EST CoUP VAUT
117;5944538380_1454611855410528.jpg;M Rejoindre McDonald's, c'est faire partie d'une équipe qui te permet dete dépasser En savoir plus Annonce proposée par   indeed
118;5944538380_290676953885189.jpg;"VOYEZ GRAND; AGISSEZ LOCALEMENT Saint-GooAIN Contribuez à notre vision : Être le leader mondial dela construction toujours plus durable. En savoir plus Annonce proposée par   indeed"
119;5944538380_941456057324118.jpg;"VOYEZ GRAND; AGISSEZ LOCALEMENT Saint-GooAIN Contribuez à notre vision : Être le leader mondial dela construction toujours plus durable. En savoir plus Annonce proposée par  indeed"
120;5944538380_384333817723630.jpg;"VOYEZ GRAND; AGISSEZ LOCALEMENT Saint-GooAIN Contribuez à notre vision : Être le leader mondial dela construction toujours plus durable. En savoir plus Annonce proposée par   indeed"
121;5944538380_647888217429758.jpg;Petits fils Validez vos compétences d'auxiliaire de vie avec Petits-fils et la Croix-Rouge En savoir plus Annonce proposée par indeed
122;5944538380_2111612209217496.jpg;Envie de booster votre carrière Dovenez Indopendantlel ct partenaire Predictis Delolonez le reseau Predictis. Predictis Predictis, l'opportunité de changer de vie En savoir plus Annonce proposée par   indeed
123;5944538380_1181002779941301.jpg;"FONCIA plus de 3000 recrutements par an, chez Foncia; chacun.ea sa place En savoir plus Annonce proposée par   indeed Avec"
124;5944538380_1673888883355732.jpg;Iop EUROPC ENPLOYER Fiers dêtre certifiés Top Employer 2024 En savoir plus Annonce proposée par   indeed
125;5944538380_404203125553643.jpg;Vous avez le sens du contact et le goût du service? En savoir plus Annonce proposée par   indeed
126;5944538380_1829830510812680.jpg;REGION Gl Alliez métier passion et rythme de vie adapté. Rejoignez l'aventure culinaire Région Sud En savoir plus Annonce proposée par indeed
127;5944538380_1110276523494786.jpg;M Rejoindre McDonald's, c'est faire partie d'une équipe qui te permet dete dépasser En savoir plus Annonce proposée par  indeed
128;5944538380_409981645051284.jpg;AXA Vous voulez mettre à profit votre expérience en Souscription IARD ? En savoir plus Annonce proposée par indeed
129;5944538380_369026046101280.jpg;"TALENTS MIVERSITÉ COMPÉTENCES REUSSITE COHESION CPROBTP EQUILBRE Assurances, Santé, Prévoyance : Intégrez un groupe leader; rejoignez un acteur engagé En savoir plus Annonce proposée par   indeed"
130;5944538380_409607311655531.jpg;M Rejoindre McDonald's, c'est faire partie d'une équipe qui te permet dete dépasser En savoir plus Annonce proposée par  indeed
131;5944538380_7454947777881338.jpg;"PoPûN8Y #X Àla Banque Populaire; on ne recrute pas que des banquiers ! En savoir plus Annonce proposée par indeed"
132;5944538380_737758745014828.jpg;"ccOsM] Iueuon Cea dyrun OoveinC MENTOR Votre talent, notre ADN : Ensemble; créons la réussite. En savoir plus Annonce proposée par indeed"
133;5944538380_3872142919679914.jpg;SE Le CA HARINE Vous souhaitez vivre une nouvelle aventure et travailler dans un environnement hors du commun En savoir plus Annonce proposée par   indeed AUx Lever BORÉALES , AURORES Mas DUR , C'EST CoUP VAUT
134;5944538380_941896333799880.jpg;IIBDa MBDa Rejoignez-nous pour préparer ensemble le futur de la défense En savoir plus Annonce proposée par indeed
135;5944538380_3534674276783929.jpg;Transformez votre alternance en une opportunité professionnelle En savoir plus Annonce proposée par indeed
136;5944538380_842742150991440.jpg;K KOlouToU (Attention spoiler) SI VOUS CROISEZ UN ALIEN (à gauche sur la photo) CEN'EST PAS UN VRAI En savoir plus Annonce proposée par indeed
137;5944538380_1070884580800009.jpg;SE Le CA HARINE Vous souhaitez vivre une nouvelle aventure et travailler dans un environnement hors du commun En savoir plus Annonce proposée par   indeed AUx Lever BORÉALES , AURORES Mas DUR , C'EST CoUP VAUT
138;5944538380_1447453695859861.jpg;"VOYEZ GRAND; AGISSEZ LOCALEMENT Saint-GooAIN Contribuez à notre vision : Être le leader mondial dela construction toujours plus durable. En savoir plus Annonce proposée par   indeed"
139;5944538380_2623629504462607.jpg;Vous avez le sens du contact et le goût du service? En savoir plus Annonce proposée par   indeed
140;5944538380_442090461508338.jpg;Petits fils Validez vos compétences d'auxiliaire de vie avec Petits-fils et la Croix-Rouge En savoir plus Annonce proposée par   indeed
141;5944538380_1050129556063324.jpg;REGION Gl Alliez métier passion et rythme de vie adapté. Rejoignez l'aventure culinaire Région Sud En savoir plus Annonce proposée par indeed
142;5944538380_1459822748273795.jpg;REGION Gl Alliez métier passion et rythme de vie adapté. Rejoignez l'aventure culinaire Région Sud En savoir plus Annonce proposée par indeed
143;5944538380_1452704725319947.jpg;"TALENTS MIVERSITÉ COMPÉTENCES REUSSITE COHESION CPROBTP EQUILBRE 8ème assureur français et présent partout en France; découvrez nos métiers de commerciaux En savoir plus Annonce proposée par indeed"
144;5944538380_1163527758357649.jpg;"ccOsM] Iueuon Cea dyrun OoveinC MENTOR Votre talent, notre ADN : Ensemble; créons la réussite. En savoir plus Annonce proposée par   indeed"
145;5944538380_1109032603758683.jpg;SE Le CA HARINE Vous souhaitez vivre une nouvelle aventure et travailler dans un environnement hors du commun En savoir plus Annonce proposée par   indeed AUx Lever BORÉALES , AURORES Mas DUR , C'EST CoUP VAUT
146;5944538380_1611961686275401.jpg;IIBDa MBDa Rejoignez-nous pour préparer ensemble le futur de la défense En savoir plus Annonce proposée par indeed
147;5944538380_1105608123970556.jpg;Transformez votre alternance en une opportunité professionnelle En savoir plus Annonce proposée par indeed
148;5944538380_393826809942992.jpg;FAITES UN MÉTIER QUI COMPTE. Flodeir utedansovs 1ooinaciorents Mettez vos talents au service des TPE, PME Contribuez au rayonnement de l'économie française. En savoir plus Annonce proposée par indeed
149;5944538380_1513578599198348.jpg;"ccOsM] Iueuon Cea dyrun OoveinC MENTOR Votre talent, notre ADN : Ensemble; créons la réussite. En savoir plus Annonce proposée par indeed"
150;5944538380_1120181842489610.jpg;"FONCIA plus de 3000 recrutements par an, chez Foncia; chacun.ea sa place En savoir plus Annonce proposée par indeed Avec"
151;5944538380_1431595127787453.jpg;Transformez votre alternance en une opportunité professionnelle En savoir plus Annonce proposée par   indeed
152;5944538380_950661923429843.jpg;Iop EUROPC ENPLOYER Fiers dêtre certifiés Top Employer 2024 En savoir plus Annonce proposée par   indeed
153;5944538380_1871828056614009.jpg;Iop EUROPC ENPLOYER Fiers dêtre certifiés Top Employer 2024 En savoir plus Annonce proposée par indeed
154;5944538380_971213991288636.jpg;SE Le CA HARINE Vous souhaitez vivre une nouvelle aventure et travailler dans un environnement hors du commun En savoir plus Annonce proposée par indeed AUx Lever BORÉALES , AURORES Mas DUR , C'EST CoUP VAUT
155;430112253742310_411346564851447.jpg;"LES SOFT SKILLS QUI VONT BOOSTER TA CARRIÈRE. IMPLICATION LANGAGE ÉCOUTE CORPOREL Montre que tu es présent et à Ton langage Enregistre toi en l'écoute Fais en corporel est parlant atoi-meme essentiel dans la et reécoute-toi. sorte que les manière dont tu es Apprends à réduire personnes perçu. Tiens-toi ton utilisation des t'entourent se droit et sois ouvert tics de langage; sentent prises en aux autres en te vérifie ton ton et la considération tournant dans leur vitesse laquelle tu Pose des questions direction. parles intéragis. FAIS-NOUS PART DE TES ASTUCES qui"
156;5944538380_906840964251268.jpg;IIBDa MBDa Rejoignez-nous pour préparer ensemble le futur de la défense En savoir plus Annonce proposée par   indeed
157;5944538380_1464170847854326.jpg;ARMonIA CESG aux côtés dArmonia recrute pour le plus grand évènement sportif del'année 2024 à Paris ! En savoir plus Annonce proposée par   indeed
158;5944538380_951272546374634.jpg;K KOlouToU (Attention spoiler) SI VOUS CROISEZ UN ALIEN (à gauche sur la photo) CEN'EST PAS UN VRAI En savoir plus Annonce proposée par   indeed
159;5944538380_1474106936515159.jpg;SE Le CA HARINE Vous souhaitez vivre une nouvelle aventure et travailler dans un environnement hors du commun En savoir plus Annonce proposée par   indeed AUx Lever BORÉALES , AURORES Mas DUR , C'EST CoUP VAUT
160;5944538380_1485467068699382.jpg;"TALENTS MIVERSITÉ COMPÉTENCES REUSSITE COHESION CPROBTP EQUILBRE 8ème assureur français et présent partout en France; découvrez nos métiers de commerciaux En savoir plus Annonce proposée par indeed"
161;5944538380_423813826877800.jpg;ARMonIA Armonia recrute pour le plus grand évènement sportif del'année 2024à Paris ! En savoir plus Annonce proposée par indeed
162;5944538380_1556214495200527.jpg;"TALENTS MIVERSITÉ COMPÉTENCES REUSSITE COHESION CPROBTP EQUILBRE Assurances, Santé, Prévoyance : Intégrez un groupe leader; rejoignez un acteur engagé En savoir plus Annonce proposée par indeed"
163;5944538380_346048841729229.jpg;Transformez votre alternance en une opportunité professionnelle En savoir plus Annonce proposée par   indeed
164;5944538380_1544270193096116.jpg;"TALENTS MIVERSITÉ COMPÉTENCES REUSSITE COHESION CPROBTP EQUILBRE Assurances, Santé, Prévoyance : Intégrez un groupe leader; rejoignez un acteur engagé En savoir plus Annonce proposée par   indeed"
165;5944538380_778624117087785.jpg;FAITES UN MÉTIER QUI COMPTE. Flodeir utedansovs 1ooinaciorents Mettez vos talents au service des TPE, PME Contribuez au rayonnement de l'économie française. En savoir plus Annonce proposée par   indeed
166;5944538380_3563006843963961.jpg;AXA Vous voulez mettre à profit votre expérience en Souscription IARD ? En savoir plus Annonce proposée par indeed
167;5944538380_1452582842323385.jpg;"TALENTS MIVERSITÉ COMPÉTENCES REUSSITE COHESION CPROBTP EQUILBRE Assurances, Santé, Prévoyance : Intégrez un groupe leader; rejoignez un acteur engagé En savoir plus Annonce proposée par indeed"
168;5944538380_382820344609539.jpg;FAITES UN MÉTIER QUI COMPTE. Flodeir utedansovs 1ooinaciorents Mettez vos talents au service des TPE, PME Contribuez au rayonnement de l'économie française. En savoir plus Annonce proposée par   indeed
169;5944538380_941505410484742.jpg;"FONCIA plus de 3000 recrutements par an, chez Foncia; chacun.ea sa place En savoir plus Annonce proposée par   indeed Avec"
170;5944538380_1072662910708251.jpg;"VOYEZ GRAND; AGISSEZ LOCALEMENT Saint-GooAIN Contribuez à notre vision : Être le leader mondial dela construction toujours plus durable. En savoir plus Annonce proposée par  indeed"
171;5944538380_1178873850155648.jpg;"FONCIA plus de 3000 recrutements par an, chez Foncia; chacun.ea sa place En savoir plus Annonce proposée par   indeed Avec"
172;5944538380_399479009394830.jpg;Vous avez le sens du contact et le goût du service? En savoir plus Annonce proposée par   indeed
173;5944538380_2175914272768287.jpg;"TALENTS MIVERSITÉ COMPÉTENCES REUSSITE COHESION CPROBTP EQUILBRE Assurances, Santé, Prévoyance : Intégrez un groupe leader; rejoignez un acteur engagé En savoir plus Annonce proposée par   indeed"
174;5944538380_720512050292705.jpg;"VOYEZ GRAND; AGISSEZ LOCALEMENT Saint-GooAIN Contribuez à notre vision : Être le leader mondial dela construction toujours plus durable. En savoir plus Annonce proposée par  indeed"
175;5944538380_1501116863772173.jpg;ARMonIA Armonia recrute pour le plus grand évènement sportif del'année 2024à Paris ! En savoir plus Annonce proposée par indeed
176;5944538380_330615412853727.jpg;"TALENTS MIVERSITÉ COMPÉTENCES REUSSITE COHESION CPROBTP EQUILBRE 8ème assureur français et présent partout en France; découvrez nos métiers de commerciaux En savoir plus Annonce proposée par   indeed"
177;5944538380_947103897087988.jpg;IIBDa MBDa Rejoignez-nous pour préparer ensemble le futur de la défense En savoir plus Annonce proposée par   indeed
178;5944538380_758291026250835.jpg;FAITES UN MÉTIER QUI COMPTE. Flodeir utedansovs 1ooinaciorents Mettez vos talents au service des TPE, PME Contribuez au rayonnement de l'économie française. En savoir plus Annonce proposée par   indeed
179;5944538380_2791894477646283.jpg;AXA Vous voulez mettre à profit votre expérience en Souscription IARD ? En savoir plus Annonce proposée par indeed
180;5944538380_7253122878067786.jpg;"FONCIA plus de 3000 recrutements par an, chez Foncia; chacun.ea sa place En savoir plus Annonce proposée par indeed Avec"
181;430112253742310_790489352924588.jpg;un collègue_ avec qui tu ne travailles plus mais qui te manque énormement au travail Tag
182;5944538380_372131649054691.jpg;"TALENTS MIVERSITÉ COMPÉTENCES REUSSITE COHESION CPROBTP EQUILBRE Assurances, Santé, Prévoyance : Intégrez un groupe leader; rejoignez un acteur engagé En savoir plus Annonce proposée par indeed"
183;5944538380_420767523764989.jpg;Petits fils Validez vos compétences d'auxiliaire de vie avec Petits-fils et la Croix-Rouge En savoir plus Annonce proposée par indeed
184;5944538380_433362356024077.jpg;CHEZ NOUS, NE CHOISISSEZ PAS ENTRE VIE PRO ET VIE PERSO, C'EST VOTRE ÉQUILIBRE QUI COMPTE. Imercialautrement MMAIR Vous avez envie de vous engager et de vous épanouir au sein de nos équipes commerciales ? En savoir plus Annonce proposée par   indeed
185;5944538380_416249380813133.jpg;"TALENTS MIVERSITÉ COMPÉTENCES REUSSITE COHESION CPROBTP EQUILBRE 8ème assureur français et présent partout en France; découvrez nos métiers de commerciaux En savoir plus Annonce proposée par   indeed"
186;5944538380_943114830710407.jpg;"S4SSE Àla Caisse d'Epargne; votre personnalité est notre atout ! En savoir plus Annonce proposée par indeed"
187;5944538380_878817720681770.jpg;"FONCIA plus de 3000 recrutements par an, chez Foncia; chacun.ea sa place En savoir plus Annonce proposée par indeed Avec"
188;5944538380_8055829217766762.jpg;"TALENTS MIVERSITÉ COMPÉTENCES REUSSITE COHESION CPROBTP EQUILBRE Assurances, Santé, Prévoyance : Intégrez un groupe leader; rejoignez un acteur engagé En savoir plus Annonce proposée par indeed"
189;5944538380_1469153397367978.jpg;Envie de booster votre carrière Dovenez Indopendantlel ct partenaire Predictis Delolonez le reseau Predictis. Predictis Predictis, l'opportunité de changer de vie En savoir plus Annonce proposée par   indeed
190;5944538380_735482295230093.jpg;Envie de booster votre carrière Dovenez Indopendantlel ct partenaire Predictis Deloionez le reseau Predictis. Predictis Predictis, l'opportunité de changer de vie En savoir plus Annonce proposée par indeed
191;5944538380_1204320317219267.jpg;Iop EUROPC ENPLOYER Fiers dêtre certifiés Top Employer 2024 En savoir plus Annonce proposée par indeed
192;5944538380_7307255112721088.jpg;M Rejoindre McDonald's, c'est faire partie d'une équipe qui te permet dete dépasser En savoir plus Annonce proposée par  indeed
193;5944538380_919690409951309.jpg;Petits fils Validez vos compétences d'auxiliaire de vie avec Petits-fils et la Croix-Rouge En savoir plus Annonce proposée par indeed
194;5944538380_1156239432043621.jpg;SE Le CA HARINE Vous souhaitez vivre une nouvelle aventure et travailler dans un environnement hors du commun En savoir plus Annonce proposée par   indeed AUx Lever BORÉALES , AURORES Mas DUR , C'EST CoUP VAUT
195;5944538380_297475033083024.jpg;CHEZ NOUS, NE CHOISISSEZ PAS ENTRE VIE PRO ET VIE PERSO, C'EST VOTRE ÉQUILIBRE QUI COMPTE. Imercialautrement MMAIR Vous avez envie de vous engager et de vous épanouir au sein de nos équipes commerciales ? En savoir plus Annonce proposée par indeed
196;5944538380_812231697598396.jpg;Petits fils Validez vos compétences d'auxiliaire de vie avec Petits-fils et la Croix-Rouge En savoir plus Annonce proposée par indeed
197;5944538380_1127717361745862.jpg;"TALENTS MIVERSITÉ COMPÉTENCES REUSSITE COHESION CPROBTP EQUILBRE Assurances, Santé, Prévoyance : Intégrez un groupe leader; rejoignez un acteur engagé En savoir plus Annonce proposée par   indeed"
198;5944538380_422323400293822.jpg;ARMonIA Armonia recrute pour le plus grand évènement sportif del'année 2024à Paris ! En savoir plus Annonce proposée par indeed
199;5944538380_1114014516582435.jpg;Iop EUROPC ENPLOYER Fiers dêtre certifiés Top Employer 2024 En savoir plus Annonce proposée par   indeed
200;5944538380_440122991704998.jpg;Iop EUROPC ENPLOYER Fiers dêtre certifiés Top Employer 2024 En savoir plus Annonce proposée par indeed
201;5944538380_730517429243478.jpg;"FONCIA plus de 3000 recrutements par an, chez Foncia; chacun.ea sa place En savoir plus Annonce proposée par indeed Avec"
202;5944538380_418716947506110.jpg;Petits fils Validez vos compétences d'auxiliaire de vie avec Petits-fils et la Croix-Rouge En savoir plus Annonce proposée par   indeed
203;5944538380_3581707028757212.jpg;IIBDa MBDa Rejoignez-nous pour préparer ensemble le futur de la défense En savoir plus Annonce proposée par   indeed
204;5944538380_1781563865671797.jpg;Petits fils Validez vos compétences d'auxiliaire de vie avec Petits-fils et la Croix-Rouge En savoir plus Annonce proposée par indeed
205;430112253742310_622527053239333.jpg;fndeed De I'IA aux actualités Diversité et inclusion Des informations exclusives sur le futur du travail Obtenir le livre électronique
206;5944538380_375914848693514.jpg;IIBDa MBDa Rejoignez-nous pour préparer ensemble le futur de la défense En savoir plus Annonce proposée par   indeed
207;5944538380_1423507184925806.jpg;Iop EUROPC ENPLOYER Fiers dêtre certifiés Top Employer 2024 En savoir plus Annonce proposée par   indeed
208;5944538380_1127589475343835.jpg;Envie de booster votre carrière Dovenez Indopendantlel ct partenaire Predictis Delolonez le reseau Predictis. Predictis Predictis, l'opportunité de changer de vie En savoir plus Annonce proposée par   indeed
209;5944538380_1644986716249769.jpg;IIBDa MBDa Rejoignez-nous pour préparer ensemble le futur de la défense En savoir plus Annonce proposée par indeed
210;5944538380_249982428181044.jpg;FAITES UN MÉTIER QUI COMPTE. Flodeir utedansovs 1ooinaciorents Mettez vos talents au service des TPE, PME Contribuez au rayonnement de l'économie française. En savoir plus Annonce proposée par indeed
211;5944538380_707113288250459.jpg;REGION Gl Alliez métier passion et rythme de vie adapté. Rejoignez l'aventure culinaire Région Sud En savoir plus Annonce proposée par   indeed
212;5944538380_416994387672514.jpg;"TALENTS MIVERSITÉ COMPÉTENCES REUSSITE COHESION CPROBTP EQUILBRE 8ème assureur français et présent partout en France; découvrez nos métiers de commerciaux En savoir plus Annonce proposée par   indeed"
213;5944538380_703687645117782.jpg;K KOlouToU (Attention spoiler) SI VOUS CROISEZ UN ALIEN (à gauche sur la photo) CEN'EST PAS UN VRAI En savoir plus Annonce proposée par indeed
214;5944538380_791451789554270.jpg;"VOYEZ GRAND; AGISSEZ LOCALEMENT Saint-GooAIN Contribuez à notre vision : Être le leader mondial dela construction toujours plus durable. En savoir plus Annonce proposée par  indeed"
215;5944538380_1534287494032118.jpg;"VOYEZ GRAND; AGISSEZ LOCALEMENT Saint-GooAIN Contribuez à notre vision : Être le leader mondial dela construction toujours plus durable. En savoir plus Annonce proposée par  indeed"
216;5944538380_2097438110623409.jpg;K KOlouToU (Attention spoiler) SI VOUS CROISEZ UN ALIEN (à gauche sur la photo) CEN'EST PAS UN VRAI En savoir plus Annonce proposée par   indeed
217;5944538380_324320313956835.jpg;Envie de booster votre carrière Dovenez Indopendantlel ct partenaire Predictis Deloionez le reseau Predictis. Predictis Predictis, l'opportunité de changer de vie En savoir plus Annonce proposée par indeed
218;5944538380_422451200280167.jpg;AXA Vous voulez mettre à profit votre expérience en Souscription IARD ? En savoir plus Annonce proposée par indeed
219;5944538380_3163504860612055.jpg;IIBDa MBDa Rejoignez-nous pour préparer ensemble le futur de la défense En savoir plus Annonce proposée par indeed
220;5944538380_1811993365985427.jpg;ARMonIA Armonia recrute pour le plus grand évènement sportif del'année 2024à Paris ! En savoir plus Annonce proposée par   indeed
221;5944538380_798812772098905.jpg;Petits fils Validez vos compétences d'auxiliaire de vie avec Petits-fils et la Croix-Rouge En savoir plus Annonce proposée par indeed
222;5944538380_938923504508352.jpg;"TALENTS MIVERSITÉ COMPÉTENCES REUSSITE COHESION CPROBTP EQUILBRE Assurances, Santé, Prévoyance : Intégrez un groupe leader; rejoignez un acteur engagé En savoir plus Annonce proposée par indeed"
223;5944538380_981624493485545.jpg;AXA Vous voulez mettre à profit votre expérience en Souscription IARD ? En savoir plus Annonce proposée par indeed
224;5944538380_1925575574566807.jpg;"ccOsM] Iueuon Cea dyrun OoveinC MENTOR Votre talent, notre ADN : Ensemble; créons la réussite. En savoir plus Annonce proposée par indeed"
225;5944538380_1537169220409536.jpg;M Rejoindre McDonald's, c'est faire partie d'une équipe qui te permet dete dépasser En savoir plus Annonce proposée par   indeed
226;5944538380_1062438224816161.jpg;REGION Gl Alliez métier passion et rythme de vie adapté. Rejoignez l'aventure culinaire Région Sud En savoir plus Annonce proposée par   indeed
227;5944538380_372003712438294.jpg;"VOYEZ GRAND; AGISSEZ LOCALEMENT Saint-GooAIN Contribuez à notre vision : Être le leader mondial dela construction toujours plus durable. En savoir plus Annonce proposée par  indeed"
228;5944538380_269620989533332.jpg;Iop EUROPC ENPLOYER Fiers dêtre certifiés Top Employer 2024 En savoir plus Annonce proposée par indeed
229;5944538380_1348474272527702.jpg;"ccOsM] Iueuon Cea dyrun OoveinC MENTOR Votre talent, notre ADN : Ensemble; créons la réussite. En savoir plus Annonce proposée par indeed"
230;5944538380_1099794008025557.jpg;"S4SSE Àla Caisse d'Epargne; votre personnalité est notre atout ! En savoir plus Annonce proposée par indeed"
231;5944538380_2078580602513875.jpg;Iop EUROPC ENPLOYER Fiers dêtre certifiés Top Employer 2024 En savoir plus Annonce proposée par   indeed
232;5944538380_1983236385407061.jpg;SE Le CA HARINE Vous souhaitez vivre une nouvelle aventure et travailler dans un environnement hors du commun En savoir plus Annonce proposée par   indeed AUx Lever BORÉALES , AURORES Mas DUR , C'EST CoUP VAUT
233;5944538380_200112109861798.jpg;REGION Gl Alliez métier passion et rythme de vie adapté. Rejoignez l'aventure culinaire Région Sud En savoir plus Annonce proposée par indeed
234;5944538380_321678934222648.jpg;Iop EUROPC ENPLOYER Fiers dêtre certifiés Top Employer 2024 En savoir plus Annonce proposée par indeed
235;5944538380_250237281493281.jpg;Iop EUROPC ENPLOYER Fiers dêtre certifiés Top Employer 2024 En savoir plus Annonce proposée par   indeed
236;5944538380_1767878937069732.jpg;K KOlouToU (Attention spoiler) SI VOUS CROISEZ UN ALIEN (à gauche sur la photo) CEN'EST PAS UN VRAI En savoir plus Annonce proposée par   indeed
237;5944538380_778438897486842.jpg;Transformez votre alternance en une opportunité professionnelle En savoir plus Annonce proposée par indeed
238;5944538380_915433390319476.jpg;"ccOsM] Iueuon Cea dyrun OoveinC MENTOR Votre talent, notre ADN : Ensemble; créons la réussite. En savoir plus Annonce proposée par indeed"
239;5944538380_387126240618182.jpg;"VOYEZ GRAND; AGISSEZ LOCALEMENT Saint-GooAIN Contribuez à notre vision : Être le leader mondial dela construction toujours plus durable. En savoir plus Annonce proposée par  indeed"
240;5944538380_1103232697493341.jpg;SE Le CA HARINE Vous souhaitez vivre une nouvelle aventure et travailler dans un environnement hors du commun En savoir plus Annonce proposée par   indeed AUx Lever BORÉALES , AURORES Mas DUR , C'EST CoUP VAUT
241;5944538380_922527646045508.jpg;Petits fils Validez vos compétences d'auxiliaire de vie avec Petits-fils et la Croix-Rouge En savoir plus Annonce proposée par indeed
242;5944538380_936754328235080.jpg;"TALENTS MIVERSITÉ COMPÉTENCES REUSSITE COHESION CPROBTP EQUILBRE Assurances, Santé, Prévoyance : Intégrez un groupe leader; rejoignez un acteur engagé En savoir plus Annonce proposée par   indeed"
